Name,Company Type
Hope Medical Supplies Ltd,Company
SafeLife Diagnostics,Company
Community Health Trainers Network,Company
Shield Africa Consultants,Company
RuralReach Logistics Ltd,Company
WomenCare Awareness Initiative,Company
SecureData Africa,Company
FieldCare Equipment Ltd,Company
Integrity Audit Partners,Company
Grassroots Health Mobilizers Payroll,Company
GreenPower Solutions,Company
SafeJourney Transport Services,Company
LegalAid Africa,Company
Community Health Insurance Scheme,Company
MamaCare Admin Services,Company
